content_hash,difficulty_id,instrument_id,genre_id,song_id,duration_sec,rms_energy_mean,rms_energy_std,amplitude_envelope_min,amplitude_envelope_max,amplitude_envelope_range,tempo_bpm,mel_rms_mean,mel_rms_std,spectral_centroid_mean,n_notes,notes_per_second_mean,inter_note_ms_mean,inter_note_ms_std,inter_note_ms_median,inter_note_ms_p25,inter_note_ms_p75,sustain_ratio,chord_ratio,fret_entropy,hopo_ratio,star_power_ratio,tap_ratio
237b10b35cabd811,2,0,1,472,179.3509297052154,2.3347177505493164,0.6959640979766846,0.006338273175060749,3.727419137954712,3.721080864779651,123.046875,2.3347177505493164,0.6959640979766846,45.12505286346225,378,2.1075998915717244,434.6419098143236,482.7193545111847,320.0,160.0,320.0,0.10846560846560846,0.14814814814814814,1.3209734227442436,0.0,0.1693121693121693,0.0
4d3ba07081a10e0c,0,2,1,4260,188.88272108843537,1.8013098239898682,0.5419789552688599,0.05923920124769211,2.608466148376465,2.5492269471287727,107.666015625,1.8013098239898682,0.5419789552688599,56.298858098552316,155,0.820615030886963,1156.4285714285713,240.90111829143316,1120.0,1100.0,1140.0,0.06451612903225806,0.0,1.0894328688820165,0.0,0.10967741935483871,0.0
2c7315101d3ee694,0,2,1,5375,220.00907029478458,1.7376904487609863,0.5795019268989563,0.06699583679437637,2.9343132972717285,2.867317460477352,120.18531976744185,1.7376904487609863,0.5795019268989563,50.39821797976181,291,1.3226727407651715,729.0689655172414,317.577297789599,660.0,660.0,830.0,1.0,0.0,0.9633147037827174,0.0,0.07560137457044673,0.0
469f60301fe796ef,0,2,2,693,238.84045351473924,2.6918280124664307,0.7467458248138428,0.008215732872486115,5.713003158569336,5.70478742569685,87.5926906779661,2.6918280124664307,0.7467458248138428,41.978255812258,431,1.8045519243389072,451.3255813953488,257.0184339538778,310.0,310.0,470.0,0.060324825986078884,0.20185614849187936,1.0716108782837201,0.0,0.10440835266821345,0.0
07e1e41e1003f1b1,2,0,13,5934,245.49297052154196,1.8996615409851074,0.9844655990600586,0.10895748436450958,5.035889625549316,4.926932141184807,92.28515625,1.8996615409851074,0.9844655990600586,48.121559889086896,726,2.957314820288484,323.6275862068965,251.72332772661298,320.0,160.0,480.0,0.9972451790633609,0.5564738292011019,1.4220210879571762,0.0,0.09504132231404959,0.009641873278236915
c940117355a8f420,2,0,1,6052,279.1502947845805,2.050611734390259,1.7926371097564697,0.32370251417160034,7.939562797546387,7.615860283374786,89.10290948275862,2.050611734390259,1.7926371097564697,58.398300314035566,288,1.0317022957910496,720.3484320557492,445.44917297388315,670.0,670.0,670.0,1.0,0.9895833333333334,1.4774359515204587,0.0,0.125,0.0
e924eea23ea77a15,1,2,7,370,301.1163718820862,1.751259684562683,0.6458920240402222,0.06858456879854202,3.0734341144561768,3.0048495456576347,161.4990234375,1.751259684562683,0.6458920240402222,47.94036815038667,552,1.8331783042874767,438.8021778584392,400.8489390495885,370.0,370.0,370.0,0.11231884057971014,0.3804347826086957,1.4386213946499993,0.9963768115942029,0.12318840579710146,0.0
e78fe96c3ad65293,1,0,5,515,207.07555555555555,1.774428129196167,0.6184489727020264,0.006737949326634407,3.239375352859497,3.2326374035328627,161.4990234375,1.774428129196167,0.6184489727020264,53.026570825040324,422,2.0379035027472527,471.52019002375295,377.5323901990001,370.0,370.0,370.0,0.06635071090047394,0.6161137440758294,1.3591513627383842,0.0,0.13981042654028436,0.0
563cfff61d1a085a,1,2,1,3592,345.60580498866216,1.986502766609192,0.623379111289978,0.07258136570453644,3.499467134475708,3.4268857687711716,126.04801829268293,1.986502766609192,0.623379111289978,55.23312244983728,479,1.3859720904158828,683.3891213389121,545.2578170721695,600.0,370.0,660.0,0.5281837160751566,0.008350730688935281,1.3568905954071617,0.0,0.29227557411273486,0.0
20c966c02d4f3bb8,0,2,1,1904,229.98204081632653,1.8045012950897217,0.7496750950813293,0.19197477400302887,3.583972215652466,3.391997441649437,166.70866935483872,1.8045012950897217,0.7496750950813293,47.66758671015882,130,0.5652615288505225,1617.1317829457364,684.7952150163027,1410.0,1400.0,1420.0,0.26153846153846155,0.0,1.1752500397067718,0.9923076923076923,0.23846153846153847,0.0
d4fa2638286de708,2,0,1,2377,209.43238095238095,1.6466612815856934,0.6860331296920776,0.15915273129940033,2.44061017036438,2.2814574390649796,114.84375,1.6466612815856934,0.6860331296920776,54.646713182800696,610,2.9126346041909197,291.2972085385878,219.88456146322793,260.0,260.0,260.0,0.00819672131147541,0.4852459016393443,1.4904180004713827,0.9983606557377049,0.12295081967213115,0.0
e8dcd0d1229f7806,3,0,7,2365,223.735873015873,1.7215619087219238,0.6730116605758667,0.15231014788150787,2.6525673866271973,2.5002572387456894,120.18531976744185,1.7215619087219238,0.6730116605758667,54.26827357009793,859,3.8393485515800947,224.1841491841492,272.06899342749267,250.0,120.0,250.0,0.034924330616996506,0.49825378346915017,1.5288491035036818,0.6554132712456344,0.25378346915017463,0.34225844004656575
ab340ef876ae6e26,2,2,1,6702,196.0112471655329,1.765618085861206,0.45568931102752686,0.028758341446518898,3.459469795227051,3.430711453780532,147.65625,1.765618085861206,0.45568931102752686,53.057743434565886,558,2.846775417579814,337.19928186714543,313.1688701902167,200.0,200.0,410.0,0.05734767025089606,0.4265232974910394,1.5016876558894836,0.0,0.25806451612903225,0.014336917562724014
1be7da492eb275b4,3,2,8,4299,220.22965986394559,1.580062747001648,0.6936984062194824,0.12298379093408585,2.8815619945526123,2.7585782036185265,178.20581896551724,1.580062747001648,0.6936984062194824,56.33502812018684,814,3.696141566503242,227.77367773677736,230.5538290495872,170.0,160.0,330.0,0.011056511056511056,0.6314496314496314,1.4719454170117492,0.0,0.0945945945945946,0.0085995085995086
b98abca53f0b2ed8,3,2,1,4362,213.76290249433106,1.7733850479125977,0.6249489188194275,0.057528868317604065,2.71798038482666,2.660451516509056,156.60511363636363,1.7733850479125977,0.6249489188194275,50.30184702071583,734,3.433710861123181,268.6493860845839,283.8378639371393,190.0,180.0,270.0,0.23024523160762944,0.5967302452316077,1.5817510633095675,0.0013623978201634877,0.29291553133514986,0.025885558583106268
84907d65f8108658,3,2,2,1027,235.3922902494331,1.7325119972229004,0.4809090197086334,0.00924572255462408,2.894487142562866,2.885241420008242,105.46875,1.7325119972229004,0.4809090197086334,48.72902626643327,663,2.816574830456227,332.2809667673716,442.41621621370734,140.0,140.0,280.0,0.12066365007541478,0.0784313725490196,1.5218115921463604,0.9381598793363499,0.13725490196078433,0.06184012066365008
098957f180f542b7,1,2,2,3559,240.75609977324262,1.6621755361557007,0.384786993265152,0.030913477763533592,2.1956045627593994,2.164691084995866,109.95678191489361,1.6621755361557007,0.384786993265152,52.10564554413254,441,1.8317292912427063,526.6818181818181,134.5291068078295,540.0,540.0,540.0,0.0,0.07256235827664399,1.403205233160087,0.0,0.16780045351473924,0.0
1df29043ad6a8fe2,3,0,1,808,201.87428571428572,2.067967176437378,0.6135454773902893,0.008970100432634354,3.9056224822998047,3.8966523818671703,105.46875,2.067967176437378,0.6135454773902893,42.750686086796286,518,2.5659533514492754,349.20696324951643,390.1048186645785,280.0,280.0,280.0,0.7258687258687259,0.5694980694980695,1.2749089502081545,0.0,0.07915057915057915,0.0
0a2f05f6bf6ccaf8,0,3,1,5854,304.0188662131519,2.1757304668426514,1.5406721830368042,0.03195714205503464,5.80766487121582,5.775707729160786,132.51201923076923,2.1757304668426514,1.5406721830368042,47.883379316172544,74,0.24340594688001224,1800.4109589041095,1449.746731169771,910.0,900.0,1810.0,0.44594594594594594,0.0,1.3591406606773544,0.0,0.17567567567567569,0.0
4972d7cdd89533db,1,0,7,631,234.62603174603174,1.8679933547973633,0.5513234734535217,0.007516717538237572,3.288001775741577,3.2804850582033396,95.703125,1.8679933547973633,0.5513234734535217,50.24719681644567,189,0.8055372142362314,881.7553191489362,729.9443316892897,620.0,620.0,940.0,0.2275132275132275,0.0,1.35285982070832,0.0,0.19576719576719576,0.0
b0247f56a0b3205e,1,0,1,5151,134.55963718820863,1.7141286134719849,0.4456044137477875,0.03847247734665871,2.9650042057037354,2.9265317283570766,143.5546875,1.7141286134719849,0.4456044137477875,49.90061448929515,239,1.7761641231665228,528.6134453781513,304.8628458458081,420.0,410.0,430.0,0.04184100418410042,0.24686192468619247,1.326424680902133,0.0,0.2594142259414226,0.0
e0cf857ef9969f4e,2,2,1,4384,116.97052154195012,1.4912571907043457,0.6582643389701843,0.10622595250606537,2.2299914360046387,2.1237654834985733,126.04801829268293,1.4912571907043457,0.6582643389701843,60.19058435216863,302,2.5818470843672454,353.72093023255815,267.02266728560215,230.0,220.0,460.0,0.04304635761589404,0.9039735099337748,1.3420337436156375,0.0,0.1490066225165563,0.0
9ebe473971fcdac0,2,0,1,2296,248.38385487528345,1.7829476594924927,0.6237874627113342,0.0630597472190857,2.799452543258667,2.7363927960395813,126.04801829268293,1.7829476594924927,0.6237874627113342,53.206331859127665,641,2.5806830332102457,369.796875,316.63088129592535,240.0,240.0,240.0,0.13260530421216848,0.8673946957878315,1.5039858852197892,0.9765990639625585,0.17784711388455537,0.0218408736349454
bd4f208ec339e711,0,2,2,1972,260.5511111111111,1.7151603698730469,0.35250231623649597,0.024406878277659416,2.6523616313934326,2.627954753115773,143.5546875,1.7151603698730469,0.35250231623649597,54.293900869930106,507,1.9458754093886466,493.9130434782609,360.5898005993387,410.0,200.0,610.0,0.14595660749506903,0.047337278106508875,1.0660146222457798,0.0,0.15187376725838264,0.0
cc7279a86cd0fe36,0,0,1,1719,160.484716553288,1.7415632009506226,0.636303722858429,0.05489444360136986,2.5999293327331543,2.5450348891317844,117.45383522727273,1.7415632009506226,0.636303722858429,52.440928419137926,267,1.6637098269189032,571.8421052631579,623.0280089059256,340.0,170.0,510.0,0.20224719101123595,0.0,1.092159443169332,0.0,0.250936329588015,0.0
086cc80aa2543992,3,2,2,6933,269.89714285714285,1.6473913192749023,0.4450835883617401,0.08652985841035843,2.5502474308013916,2.463717572391033,109.95678191489361,1.6473913192749023,0.4450835883617401,53.07352177140588,1332,4.935213414634147,190.64613072877535,230.63862002820525,130.0,130.0,140.0,0.11336336336336336,0.16066066066066065,1.5510416669470453,0.48873873873873874,0.0,0.5112612612612613
dc71b03b3bf23e89,0,0,1,2927,218.2095238095238,1.536934494972229,0.6216742992401123,0.09978993982076645,2.5684268474578857,2.4686369076371193,129.19921875,1.536934494972229,0.6216742992401123,57.20093921365279,176,0.8065642458100559,1074.8,493.73890150275054,900.0,900.0,910.0,0.07954545454545454,0.0,1.299480555433776,0.9943181818181818,0.36363636363636365,0.0
3ef10ca7500c6b66,3,2,15,1985,322.73414965986393,1.680759072303772,0.6549842953681946,0.09611455351114273,3.0024585723876953,2.9063440188765526,109.95678191489361,1.680759072303772,0.6549842953681946,56.28190962121446,726,2.2495295300021585,370.48275862068965,481.7991154348141,270.0,270.0,280.0,0.15013774104683195,0.2878787878787879,1.5477508223085985,0.0,0.06060606060606061,0.0
83c7e8f2e0dc697d,2,0,4,6612,193.00426303854874,1.5553756952285767,0.3968803286552429,0.03832249343395233,2.22908878326416,2.190766289830208,139.6748310810811,1.5553756952285767,0.3968803286552429,53.35233282233879,625,3.238270441079163,291.6666666666667,149.25813697414105,200.0,200.0,410.0,0.1248,0.704,1.5886531811428404,0.0,0.0896,0.0
ab1dcf9879b932fb,2,0,1,4470,210.15219954648526,1.5633615255355835,0.42718520760536194,0.06468140333890915,2.0084402561187744,1.9437588527798653,101.33272058823529,1.5633615255355835,0.42718520760536194,52.94400908326076,773,3.678286506960941,263.21243523316065,117.59261128482804,200.0,200.0,400.0,0.07891332470892626,0.7917205692108668,1.5052565414004584,0.0,0.09702457956015524,0.0
45dba1aa7ce7dc6d,1,2,1,2603,234.28934240362813,1.6121894121170044,0.8215232491493225,0.17806872725486755,3.1460251808166504,2.967956453561783,139.6748310810811,1.6121894121170044,0.8215232491493225,59.742394702335204,251,1.0713248730178395,722.64,571.5846659944615,530.0,420.0,850.0,0.2948207171314741,0.4063745019920319,1.4682766317845077,0.9960159362549801,0.2589641434262948,0.0
454e299f6344d564,1,0,5,2390,599.2838095238095,2.1731579303741455,0.33993393182754517,0.04613550379872322,3.125399589538574,3.079264085739851,109.95678191489361,2.1731579303741455,0.33993393182754517,61.431796433483925,1616,2.6965520748576077,360.2229102167183,8.955332995140855,360.0,360.0,360.0,0.0006188118811881188,0.0,1.292815478539733,0.9993811881188119,0.09900990099009901,0.0
b93437872dc98b34,3,2,1,6239,219.41696145124718,1.6159744262695312,0.5329710245132446,0.06005463749170303,2.7678816318511963,2.7078269943594933,107.666015625,1.6159744262695312,0.5329710245132446,55.16181418911771,758,3.4546098669241756,261.7305151915456,327.6537484862527,180.0,180.0,280.0,0.051451187335092345,0.23746701846965698,1.5634346944757271,0.0,0.22163588390501318,0.040897097625329816
574c9d893e7bbcb6,1,2,2,2590,185.28362811791382,1.6338527202606201,0.632664680480957,0.10895748436450958,2.6710329055786133,2.5620754212141037,135.99917763157896,1.6338527202606201,0.632664680480957,54.80654397853217,300,1.619139278776866,570.6354515050167,409.4125788816647,440.0,440.0,600.0,0.02666666666666667,0.19666666666666666,1.4923629073132885,0.9966666666666667,0.14333333333333334,0.0
8cc2e2b851d2fb32,1,0,1,4280,290.53968253968253,1.6760313510894775,0.375797301530838,0.01641804166138172,2.530548095703125,2.5141300540417433,123.046875,1.6760313510894775,0.375797301530838,52.62950829100949,421,1.449027534965035,670.6666666666666,257.7116020695806,640.0,480.0,950.0,0.17814726840855108,0.7885985748218527,1.3128716333083508,0.0,0.42755344418052255,0.0
fe623b780790ba00,0,0,3,4475,295.4042630385488,1.771045446395874,0.5885158181190491,0.1121968924999237,2.9174892902374268,2.805292397737503,151.99908088235293,1.771045446395874,0.5885158181190491,47.65513144547555,259,0.8767645982353403,1045.5426356589148,314.08026199189635,890.0,790.0,1190.0,0.10810810810810811,0.0,1.0014218977827831,0.0,0.10424710424710425,0.0
eea7d28d2ce3c03b,2,2,1,3898,195.001179138322,1.70955491065979,0.6489744782447815,0.12036962807178497,2.6193065643310547,2.4989369362592697,114.84375,1.70955491065979,0.6489744782447815,52.39995062550417,670,3.4358766596213384,271.94319880418533,364.0070833292031,170.0,170.0,350.0,0.13432835820895522,0.3373134328358209,1.535100901454841,0.0,0.22238805970149253,0.0029850746268656717
32b06067c732f3a0,3,0,1,1579,163.07374149659864,1.6344496011734009,0.49698057770729065,0.046225711703300476,2.4598984718322754,2.413672760128975,114.84375,1.6344496011734009,0.49698057770729065,55.18023817308667,670,4.108570722981631,221.86846038863976,127.16739450418828,170.0,170.0,170.0,0.14776119402985075,0.4134328358208955,1.5498380233051479,0.0,0.10298507462686567,0.0
fd543e0fc5d13d90,1,2,3,1577,227.0098866213152,1.6870752573013306,0.5430998206138611,0.059059467166662216,2.6670823097229004,2.608022842556238,139.6748310810811,1.6870752573013306,0.5430998206138611,55.97729240072272,463,2.0395587473789187,461.969696969697,264.36195988638974,420.0,420.0,420.0,0.012958963282937365,0.4017278617710583,1.3558242970769916,0.0,0.16846652267818574,0.0
0208c2b4e58d0c81,1,0,3,6728,291.5613605442177,1.504531741142273,0.5305197238922119,0.07173580676317215,2.391033172607422,2.3192973658442497,103.359375,1.504531741142273,0.5305197238922119,56.869232962977726,605,2.0750349047306176,431.3576158940397,243.5264062098161,380.0,380.0,380.0,0.0049586776859504135,0.9801652892561984,1.3549664025925787,0.0,0.09917355371900827,0.0
84c1d9a8207ef014,0,0,12,6749,172.94222222222223,1.8702138662338257,1.0129948854446411,0.11396373808383942,4.809110164642334,4.695146426558495,123.046875,1.8702138662338257,1.0129948854446411,50.941792069667855,133,0.76904296875,1149.2424242424242,677.0889351325803,1005.0,740.0,1230.0,0.015037593984962405,0.0,1.160769186681513,0.0,0.08270676691729323,0.0
db7e24849d18c847,1,2,1,688,210.65142857142857,2.128754138946533,0.5750234127044678,0.006479821167886257,3.517961263656616,3.51148144248873,109.95678191489361,2.128754138946533,0.5750234127044678,43.898780178627,334,1.5855577256944444,593.6636636636637,280.51823732595966,550.0,550.0,550.0,0.1347305389221557,0.8502994011976048,1.3520533967940451,0.0,0.12574850299401197,0.0
6ac2b0bb2350a509,0,0,1,4663,176.00725623582767,1.7004027366638184,0.6943750381469727,0.06752128154039383,2.755683422088623,2.688162140548229,156.60511363636363,1.7004027366638184,0.6943750381469727,51.294795451822424,208,1.1817694591029024,784.6376811594203,332.74693221571675,770.0,480.0,1140.0,0.0,0.004807692307692308,0.9859225904942399,0.0,0.11538461538461539,0.0
f00be3dc702f2927,0,0,1,1757,287.0102494331066,1.6499756574630737,0.5453372597694397,0.06430355459451675,2.8572676181793213,2.7929640635848045,92.28515625,1.6499756574630737,0.5453372597694397,54.30114927095729,382,1.3309629212005987,699.7375328083989,448.1316529269806,640.0,620.0,660.0,0.9764397905759162,0.02617801047120419,1.0427527127127947,0.0,0.06544502617801047,0.0
69a88a1176827212,2,0,5,897,218.3024036281179,1.8857396841049194,0.5449398756027222,0.009919212199747562,2.8353917598724365,2.825472547672689,139.6748310810811,1.8857396841049194,0.5449398756027222,46.751787079945174,560,2.565248896452694,372.07513416815743,264.73327733674563,420.0,210.0,420.0,0.38571428571428573,0.9375,1.3123167679623389,0.0,0.11428571428571428,0.0
443d2424e906ff38,2,2,3,2277,345.0833560090703,1.689956545829773,0.6926032900810242,0.15760602056980133,2.6827268600463867,2.5251208394765854,132.51201923076923,1.689956545829773,0.6926032900810242,54.42471875819935,886,2.5674956052551896,336.8587570621469,319.0630126466136,290.0,220.0,310.0,0.1252821670428894,0.45598194130925507,1.5421892074678298,0.9661399548532731,0.11512415349887133,0.0327313769751693
770ff54eec1ce6cd,2,0,1,2827,200.87582766439908,1.5565227270126343,0.5393955707550049,0.09319628775119781,2.2716100215911865,2.1784137338399887,123.046875,1.5565227270126343,0.5393955707550049,57.246892916510106,640,3.186047855739221,276.88575899843505,147.92726853710775,210.0,160.0,320.0,0.065625,0.571875,1.4680801525099059,0.8125,0.2421875,0.1875
31646a799b1616fc,3,0,2,5372,401.786485260771,1.8381742238998413,0.4729228615760803,0.041843097656965256,2.9954378604888916,2.9535947628319263,126.04801829268293,1.8381742238998413,0.4729228615760803,54.5913109887956,1899,4.726390930664317,198.77239199157006,235.707619774316,150.0,150.0,230.0,0.050026329647182725,0.08004212743549237,1.4777158767024672,0.0,0.2775144813059505,0.0
1edb71644a7de12c,0,2,7,2232,175.2758276643991,1.599554181098938,0.7306150197982788,0.18372109532356262,2.4850103855133057,2.301289290189743,143.5546875,1.599554181098938,0.7306150197982788,58.463287756366114,168,0.9584892693912698,848.2035928143713,373.3860364323504,810.0,610.0,1020.0,0.005952380952380952,0.0,1.4790333096583694,0.9940476190476191,0.1130952380952381,0.0
57271ae53cabd85f,2,2,1,5744,450.00272108843535,1.7867687940597534,0.7218877077102661,0.10768824815750122,3.313354015350342,3.2056657671928406,147.65625,1.7867687940597534,0.7218877077102661,49.757522529577905,1175,2.611095322174923,348.30494037478707,342.6921759455532,200.0,190.0,400.0,0.22638297872340427,0.04595744680851064,1.4981534538469208,0.0,0.2323404255319149,0.0851063829787234
707ba119a18cea62,1,2,3,3780,207.8185941043084,1.6865121126174927,0.4170304238796234,0.06885301321744919,2.1742217540740967,2.1053687408566475,139.6748310810811,1.6865121126174927,0.4170304238796234,52.89872396735217,367,1.7659632506983238,513.4426229508197,379.3136679975191,420.0,420.0,430.0,0.04632152588555858,0.329700272479564,1.360443405314742,0.0,0.19346049046321526,0.0
209e0905cbf7c499,3,2,2,6057,375.5827664399093,1.7677911520004272,0.3924141526222229,0.06582842767238617,2.673607587814331,2.607779160141945,117.45383522727273,1.7677911520004272,0.3924141526222229,48.83512918382457,1473,3.9219051874034006,234.87092391304347,227.5760973355818,160.0,120.0,250.0,0.5322471147318398,0.14867617107942974,1.576165397990759,0.0,0.1894093686354379,0.00746775288526816
6bd3078a5c32a703,2,2,3,4377,209.89678004535148,1.6977614164352417,0.5584637522697449,0.08176495879888535,2.59972882270813,2.5179638639092445,139.6748310810811,1.6977614164352417,0.5584637522697449,51.14988905309748,631,3.006239542424913,308.3174603174603,171.18548608897387,210.0,210.0,420.0,0.15530903328050713,0.39619651347068147,1.5551403967374553,0.0,0.10301109350237718,0.0
1dae24fa7cf0accb,2,3,2,1964,442.5839455782313,2.315260410308838,3.074470281600952,0.5703393220901489,12.203177452087402,11.632838129997253,129.19921875,2.315260410308838,3.074470281600952,60.55991545090665,37,0.08359995966789958,2948.8888888888887,2071.56781445275,3485.0,935.0,5000.0,0.8378378378378378,0.0,1.3831342571868623,0.972972972972973,0.21621621621621623,0.0
fdaf81e61a16683a,2,0,4,2073,172.2572335600907,1.6431548595428467,0.3386152982711792,0.020352913066744804,2.1498677730560303,2.1295148599892855,139.6748310810811,1.6431548595428467,0.3386152982711792,51.40457547492099,424,2.4614350946956933,392.10401891252957,446.7418890379551,210.0,205.0,420.0,0.25707547169811323,0.6037735849056604,1.358445379912373,0.0,0.19339622641509435,0.0
53108975136f66c5,1,0,5,3071,227.5091156462585,1.7403453588485718,0.936790406703949,0.1982625126838684,3.2207016944885254,3.022439181804657,126.04801829268293,1.7403453588485718,0.936790406703949,61.77357780805003,354,1.5559816097672996,607.7053824362606,386.66087563552816,480.0,480.0,480.0,0.08757062146892655,0.21468926553672316,1.4289838242077368,0.0,0.07062146892655367,0.0
0db6c963d238a146,2,0,1,2672,198.9834013605442,1.5675852298736572,0.44821107387542725,0.057754036039114,2.3983426094055176,2.3405885733664036,103.359375,1.5675852298736572,0.44821107387542725,51.32638571138244,592,2.975122527568703,308.9001692047377,271.92857972335406,200.0,200.0,380.0,0.14527027027027026,0.8361486486486487,1.5681051813517946,0.9712837837837838,0.14189189189189189,0.02702702702702703
a85a3ae7c513dd93,2,2,1,2329,139.1804081632653,1.6411657333374023,0.829340934753418,0.13908697664737701,2.806154489517212,2.667067512869835,126.04801829268293,1.6411657333374023,0.829340934753418,59.356969577895455,364,2.6153106231231233,353.22314049586777,366.6523748490166,230.0,230.0,350.0,0.02197802197802198,0.4835164835164835,1.6021296958659057,0.9587912087912088,0.06868131868131869,0.038461538461538464
ad6a810c03b8fc1d,1,2,2,3421,70.00816326530612,1.7501064538955688,0.6867474913597107,0.21104928851127625,2.4739692211151123,2.262919932603836,123.046875,1.7501064538955688,0.6867474913597107,62.23668449425973,132,1.8854944029850746,438.2442748091603,434.7684843526565,300.0,300.0,325.0,0.09090909090909091,0.06060606060606061,1.4110150964121726,0.0,0.4166666666666667,0.0
bddf061e706d91eb,0,2,1,4769,340.12589569160997,1.7959095239639282,1.0428433418273926,0.26010236144065857,3.6127212047576904,3.352618843317032,123.046875,1.7959095239639282,1.0428433418273926,59.62350208968524,175,0.5145153668589568,1247.528735632184,788.9110687914194,1100.0,730.0,1470.0,0.8228571428571428,0.0,1.0931689927594073,0.0,0.12571428571428572,0.08571428571428572
8fe05afa904612d6,3,0,1,4505,220.61278911564625,1.5648516416549683,0.4465363621711731,0.045955684036016464,2.395481824874878,2.3495261408388615,132.51201923076923,1.5648516416549683,0.4465363621711731,52.468920098199845,873,3.9571595259709507,236.70871559633028,99.60273161024183,180.0,180.0,260.0,0.038946162657502864,0.25773195876288657,1.3584653875537849,0.0,0.21420389461626574,0.0
e554a1dd79791839,2,1,2,1750,232.29242630385488,2.513397455215454,0.7077646255493164,0.1728297472000122,4.536378860473633,4.363549113273621,178.20581896551724,2.513397455215454,0.7077646255493164,37.293153157239445,404,1.739187137644942,548.3870967741935,411.7403950131878,330.0,330.0,670.0,1.0,0.0,1.5592708137492048,0.0,0.17574257425742573,0.0
27b37bf135b41f31,2,2,3,4597,204.50975056689342,1.6030362844467163,0.4650537371635437,0.08099301904439926,2.2214295864105225,2.140436567366123,120.18531976744185,1.6030362844467163,0.4650537371635437,54.14947252412896,744,3.6379683508373546,252.7321668909825,155.4845407020371,160.0,160.0,330.0,1.0,0.5591397849462365,1.465648645307795,0.0,0.08333333333333333,0.0
c5eac51253a92517,1,0,1,1572,147.19129251700681,1.9362194538116455,0.8461471796035767,0.09766900539398193,4.176080226898193,4.078411221504211,151.99908088235293,1.9362194538116455,0.8461471796035767,45.601586916055965,260,1.7664088381448178,534.942084942085,284.23489477952006,410.0,390.0,610.0,0.07307692307692308,0.4115384615384615,1.3139062501126348,0.0,0.35,0.007692307692307693
7693f57c0fb15021,3,0,2,6933,269.89714285714285,1.6473913192749023,0.4450835883617401,0.08652985841035843,2.5502474308013916,2.463717572391033,109.95678191489361,1.6473913192749023,0.4450835883617401,53.07352177140588,1241,4.598047933604336,205.04032258064515,236.64795887267996,140.0,130.0,140.0,0.14826752618855762,0.136986301369863,1.5796845750790078,0.48751007252215955,0.08138597904915391,0.5124899274778405
c280216cfe45a15d,3,2,4,1563,207.00589569160996,1.548092007637024,0.6447646617889404,0.10560527443885803,2.3051249980926514,2.1995197236537933,132.51201923076923,1.548092007637024,0.6447646617889404,54.70883596184329,763,3.685885358244532,239.7769028871391,307.2681723759187,220.0,220.0,220.0,0.05111402359108781,0.7667103538663171,1.4586356351534897,0.0,0.11140235910878113,0.0
19608dcf6ca94783,0,2,1,5353,438.8223129251701,1.714404821395874,0.38085153698921204,0.06595712900161743,2.3951327800750732,2.329175651073456,151.99908088235293,1.714404821395874,0.38085153698921204,50.908453989747294,594,1.3536230554012223,703.2377740303541,445.81430407341304,740.0,410.0,760.0,0.494949494949495,0.0,1.0898861787511325,0.0,0.4292929292929293,0.0
b53a3e077fec7072,2,0,1,5888,271.2439002267574,1.8560065031051636,1.0157610177993774,0.25657036900520325,4.061563014984131,3.8049926459789276,143.5546875,1.8560065031051636,1.0157610177993774,54.30657670489413,346,1.2756047222103326,632.2898550724638,612.2292149482993,410.0,410.0,820.0,0.8757225433526011,0.18497109826589594,1.5735759411975396,0.0,0.2138728323699422,0.008670520231213872
dd5a923cae562c8b,1,2,4,2313,163.10857142857142,1.55012047290802,0.5563501715660095,0.10874488949775696,2.1653645038604736,2.0566196143627167,135.99917763157896,1.55012047290802,0.5563501715660095,56.33461832360376,322,1.9741451793721974,468.13084112149534,396.5461419478003,430.0,290.0,570.0,0.021739130434782608,0.8850931677018633,1.3849296633824955,0.9968944099378882,0.17391304347826086,0.0
163d7f7444667b98,1,2,1,4383,191.59945578231293,1.688129186630249,0.6471632719039917,0.11154142022132874,2.933281421661377,2.821740001440048,114.84375,1.688129186630249,0.6471632719039917,51.49008423905358,260,1.3569975913470278,708.5714285714286,440.2788315728611,520.0,520.0,780.0,0.06923076923076923,0.0,1.3629181517548559,0.0,0.23076923076923078,0.0
3ccf967232d5e2ca,1,2,2,3444,312.5057596371882,1.6431065797805786,0.7586576342582703,0.16809876263141632,2.6467864513397217,2.4786876887083054,120.18531976744185,1.6431065797805786,0.7586576342582703,61.34782496101233,436,1.395174285767359,591.6551724137931,441.45894037437336,500.0,500.0,530.0,0.016055045871559634,0.0,1.5501355059253668,0.0,0.5068807339449541,0.0
5c0ef85c71ec7612,0,1,2,1072,446.64743764172334,3.352938652038574,1.1437472105026245,0.22708702087402344,6.544672012329102,6.317584991455078,117.45383522727273,3.352938652038574,1.1437472105026245,33.82310558124522,468,1.0478063021496713,873.1049250535332,260.84854884804184,780.0,780.0,1040.0,0.0,0.0,0.9855398044266711,0.0,0.0,0.0
0e88cdc277fc7e11,1,2,3,4077,232.51301587301586,1.7524970769882202,0.4392349123954773,0.053309474140405655,2.7504427433013916,2.697133269160986,143.5546875,1.7524970769882202,0.4392349123954773,50.21428994440015,445,1.91387135180007,497.4549549549549,309.21443658206476,420.0,420.0,420.0,0.07191011235955057,0.3303370786516854,1.359318842145189,0.0,0.10786516853932585,0.0
715f84e3ae223ee8,3,0,15,1285,427.386485260771,1.6087357997894287,0.6489701271057129,0.11712289601564407,2.6699557304382324,2.5528328344225883,107.666015625,1.6087357997894287,0.6489701271057129,55.39970580051611,1761,4.120392339794089,218.02272727272728,347.4971542484108,90.0,90.0,180.0,0.09085746734809767,0.25837592277115273,1.5561138465632383,0.08120386144236229,0.1743327654741624,0.0
47eeb854c2a69d56,0,2,1,322,163.3639909297052,1.5692404508590698,0.45104482769966125,0.013295723125338554,2.5875039100646973,2.5742081869393587,99.38401442307692,1.5692404508590698,0.45104482769966125,52.36820611534929,125,0.7651625017767039,1244.3548387096773,770.9370522977989,1200.0,600.0,1200.0,0.336,0.016,0.6923719901282851,1.0,0.2,0.0
498007fc73ff1cb7,2,2,2,2741,119.37378684807257,1.5243970155715942,0.48744943737983704,0.08997675776481628,1.8675049543380737,1.7775281965732574,129.19921875,1.5243970155715942,0.48744943737983704,54.282017322840325,394,3.3005571022174673,266.5394402035623,184.7816512064642,260.0,150.0,300.0,0.10152284263959391,0.6370558375634517,1.5196381405533244,0.9974619289340102,0.13705583756345177,0.0
d00b86e20cc29d96,1,2,2,5729,231.35201814058956,1.7057384252548218,0.4112755358219147,0.047973353415727615,2.3549232482910156,2.306949894875288,107.666015625,1.7057384252548218,0.4112755358219147,48.50186975311084,309,1.3356269916445025,703.7337662337662,194.48905895871533,730.0,550.0,750.0,1.0,0.34627831715210355,1.3561851326812797,0.0,0.13592233009708737,0.0
19b64c0fea5cd124,3,0,15,2012,183.48408163265307,1.5616366863250732,0.5373638868331909,0.05889308080077171,2.4224603176116943,2.3635672368109226,95.703125,1.5616366863250732,0.5373638868331909,55.01391918081592,716,3.902245871298405,236.67132867132867,344.94851701050277,150.0,150.0,150.0,0.11731843575418995,0.4622905027932961,1.5312518601802332,0.0,0.06284916201117319,0.0
f324852f30ad2d2b,3,0,7,2912,216.88598639455782,1.6702415943145752,0.33549219369888306,0.030493739992380142,1.9995015859603882,1.969007845968008,135.99917763157896,1.6702415943145752,0.33549219369888306,48.4304995362889,668,3.079959250040148,289.5952023988006,277.65831337721147,220.0,210.0,430.0,0.2874251497005988,0.7739520958083832,1.5671604317234888,0.9790419161676647,0.09880239520958084,0.016467065868263474
5acc48a26726ac82,2,2,2,2028,233.4418140589569,1.6177667379379272,0.42871972918510437,0.045509032905101776,2.4180240631103516,2.37251503020525,135.99917763157896,1.6177667379379272,0.42871972918510437,51.849013890109745,1107,4.742081038319988,199.8372513562387,155.92566361107288,140.0,140.0,280.0,0.03342366757000903,0.4074074074074074,1.4381828497192561,0.0,0.06684733514001806,0.0
772272e73961276b,2,2,1,4997,145.85614512471656,1.7599101066589355,0.4072135090827942,0.03923127055168152,2.348468542098999,2.3092372715473175,117.45383522727273,1.7599101066589355,0.4072135090827942,53.785769655729005,465,3.1880727383984717,295.38793103448273,280.49652009494616,210.0,170.0,360.0,0.28817204301075267,0.02795698924731183,1.5671706280456226,0.6946236559139785,0.3935483870967742,0.3053763440860215
203b803d2c063f3e,3,0,3,4755,240.50068027210884,1.9044851064682007,0.6044270396232605,0.054787326604127884,3.415127754211426,3.360340427607298,139.6748310810811,1.9044851064682007,0.6044270396232605,52.5399625977127,896,3.725561187545257,248.88268156424581,183.76473507312653,210.0,140.0,280.0,0.06919642857142858,0.26450892857142855,1.5463137445619084,0.0,0.10267857142857142,0.0
8e005f5b2f890738,3,2,3,6381,281.73931972789114,1.8617525100708008,0.8473399877548218,0.2205226570367813,3.6458334922790527,3.4253108352422714,135.99917763157896,1.8617525100708008,0.8473399877548218,52.61459340668727,458,1.6256161917418717,488.03063457330416,717.9106378673147,210.0,210.0,430.0,0.27729257641921395,0.2205240174672489,1.5116979799589083,0.0,0.16375545851528384,0.06550218340611354
c7fe8eed37c82bf9,2,0,2,3563,261.50312925170067,1.5515438318252563,0.5257883667945862,0.07741349190473557,2.1447811126708984,2.067367620766163,135.99917763157896,1.5515438318252563,0.5257883667945862,56.585315212568084,942,3.6022513485615346,267.4388947927736,279.6945497595497,250.0,140.0,260.0,0.02335456475583864,0.28768577494692144,1.4760225954704285,0.0,0.18259023354564755,0.12101910828025478
73efaf6340cc5d06,3,2,2,2536,224.0841723356009,1.5365809202194214,0.6683844923973083,0.1486366093158722,2.3241283893585205,2.1754917800426483,105.46875,1.5365809202194214,0.6683844923973083,59.40201853462154,895,3.9940348783741775,207.7069351230425,236.42754852458458,190.0,190.0,190.0,0.042458100558659215,0.6737430167597765,1.5395728260595543,0.8424581005586592,0.28268156424581004,0.1564245810055866
72565487e9d1e20a,2,0,2,3838,225.33804988662132,1.6026207208633423,0.3539104759693146,0.04217131808400154,2.2481794357299805,2.206008117645979,120.18531976744185,1.6026207208633423,0.3539104759693146,52.07124053551887,731,3.244014938301819,292.1917808219178,248.945978490149,160.0,160.0,330.0,0.12995896032831739,0.2079343365253078,1.5787735551595514,0.0,0.22845417236662108,0.005471956224350205
5732e9f13e397eb7,2,2,1,1636,301.1163718820862,1.5457618236541748,0.6700587868690491,0.1215510219335556,2.263789176940918,2.1422381550073624,114.84375,1.5457618236541748,0.6700587868690491,58.6527570585563,583,1.936128535144201,438.1958762886598,647.3368728294224,170.0,170.0,340.0,0.9691252144082333,0.13893653516295026,1.4369329768692667,0.0,0.274442538593482,0.0
53d285cc897422b0,3,0,1,5464,81.25823129251701,1.621321439743042,0.9003646373748779,0.20535655319690704,2.933289051055908,2.727932497859001,123.046875,1.621321439743042,0.9003646373748779,59.106002958582096,72,0.8860640805829404,869.0140845070423,983.0953630036981,500.0,250.0,1000.0,0.2777777777777778,0.0,0.9871680669601273,0.0,1.0,0.0
339d885b17dd3525,3,0,2,5045,280.68281179138324,1.5589512586593628,0.4702617824077606,0.06017210707068443,2.2628700733184814,2.202697966247797,120.18531976744185,1.5589512586593628,0.4702617824077606,54.617378839749954,1163,4.143467113563037,222.09982788296043,178.3247642135327,160.0,160.0,160.0,0.061049011177987965,0.5563198624247635,1.3294189181564902,0.8349097162510748,0.15047291487532244,0.1650902837489252
424f6e30a8731c9c,1,2,3,2266,219.61433106575964,1.7176246643066406,0.5345644354820251,0.144627645611763,2.6574149131774902,2.5127872675657272,123.046875,1.7176246643066406,0.5345644354820251,48.168883464852186,349,1.589149479937619,585.2586206896551,230.33506780376814,480.0,480.0,720.0,0.045845272206303724,0.7191977077363897,1.3135805350404186,0.997134670487106,0.1489971346704871,0.0
d2f234f4dede7564,1,0,1,5093,208.3526530612245,2.233078956604004,2.082878589630127,0.14127713441848755,7.705761432647705,7.5644842982292175,178.20581896551724,2.233078956604004,2.082878589630127,57.53117962932782,151,0.7247327921263792,1314.2666666666667,827.0923742578912,690.0,680.0,2070.0,1.0,0.41721854304635764,1.3378177955430766,0.0,0.09933774834437085,0.0
dc96c598e1e23f8f,2,2,2,628,231.29396825396825,1.5159223079681396,0.44611936807632446,0.02712169662117958,2.372349500656128,2.3452278040349483,112.34714673913044,1.5159223079681396,0.44611936807632446,54.638899069840505,813,3.515007356816585,254.35960591133005,228.19479783176513,170.0,170.0,350.0,0.02952029520295203,0.3419434194341943,1.3455603305792512,0.0,0.11193111931119311,0.0
16d6f6c63d088dd3,3,0,3,4630,205.20634920634922,1.578690767288208,0.428108274936676,0.05652640759944916,2.0854897499084473,2.028963342308998,147.65625,1.578690767288208,0.428108274936676,55.5123037707304,997,4.858524133663366,200.0,200.50137957842435,200.0,200.0,200.0,0.00802407221664995,0.7151454363089268,1.5757450909152326,0.0010030090270812437,0.08926780341023069,0.0
cbebc8cc37211a6b,2,0,2,2894,280.8105215419501,1.6944845914840698,0.4486798048019409,0.014432379975914955,3.1855056285858154,3.1710732486099005,123.046875,1.6944845914840698,0.4486798048019409,57.048054399518726,996,3.5468756460081865,260.4321608040201,258.12254923382636,200.0,190.0,210.0,0.09036144578313253,0.28313253012048195,1.26187036178636,0.8995983935742972,0.20381526104417672,0.09939759036144578
d73f8adaa381a8bc,0,2,2,3084,305.1102040816327,1.8360406160354614,0.9145164489746094,0.23682597279548645,3.394676446914673,3.1578504741191864,132.51201923076923,1.8360406160354614,0.9145164489746094,62.719061057428355,184,0.6030607876712328,1269.3989071038252,451.28010929796795,1200.0,1200.0,1200.0,0.6467391304347826,0.0,1.3160075837561824,0.0,0.20108695652173914,0.0
363de5918b867915,2,0,1,4986,209.26984126984127,1.6449309587478638,0.6531097292900085,0.11621145159006119,2.7262051105499268,2.6099936589598656,93.96306818181819,1.6449309587478638,0.6531097292900085,53.56731327415705,646,3.0869235436893203,293.7674418604651,433.10264303636365,160.0,150.0,320.0,0.21052631578947367,0.46594427244582043,1.5866099014407138,0.9055727554179567,0.2848297213622291,0.09442724458204334
bf9ed456d1749712,1,0,1,3325,277.00244897959186,1.5495824813842773,0.5507513880729675,0.07711172848939896,2.3726842403411865,2.2955725118517876,132.51201923076923,1.5495824813842773,0.5507513880729675,56.123404440103606,374,1.3501685684647302,668.9008042895442,352.10835421681304,600.0,580.0,610.0,0.5347593582887701,0.12299465240641712,1.4601139677865917,0.0,0.20320855614973263,0.0
c7c6a6945ab995b6,0,2,3,1640,305.7023129251701,1.6191459894180298,0.4541529715061188,0.04008327051997185,2.568868398666382,2.52878512814641,114.84375,1.6191459894180298,0.4541529715061188,56.65168508802667,347,1.1350911829212715,817.2832369942197,424.2253948937509,690.0,520.0,870.0,0.9538904899135446,0.05187319884726225,1.0563365988922462,0.0,0.207492795389049,0.0
6f77862fa0d29bc7,0,0,1,4794,768.5224489795918,1.7465555667877197,0.7663096189498901,0.16260917484760284,3.961299180984497,3.7986900061368942,132.51201923076923,1.7465555667877197,0.7663096189498901,50.22347280728647,589,0.7664057188987085,1173.5884353741496,711.7222194714653,950.0,742.5,1340.0,0.2835314091680815,0.0,1.0949379864852997,0.0,0.1273344651952462,0.0
a7bc54d53e624c56,1,0,5,2588,296.1821315192744,1.6926751136779785,1.2893177270889282,0.36680299043655396,3.6344854831695557,3.2676824927330017,129.19921875,1.6926751136779785,1.2893177270889282,65.36164024246632,273,0.9217301482693739,578.6397058823529,528.8646159017019,460.0,460.0,460.0,0.05860805860805861,0.0,1.3646218273524309,0.9963369963369964,0.10989010989010989,0.0
